corpus-id	filename	xmlid	author-name	title	author-birth	author-death	author-gender	author-ids	reference-year	first-edition	digital-edition	print-edition	provenance	title-ids	language	numwords	subgenre	narrative-perspective	size-category	reprint-count	time-slot	author_wikidata_id	work_wikidata_id
ELTeC-deu	DEU014	DEU014	Tieck, Ludwig	Vittoria Accorombona	1773	1853	M	http://d-nb.info/gnd/12989432X	1840	1840		1963			de	123077			long	high	T1	Q57239	Q1403207
ELTeC-deu	DEU015	DEU015	Arnim, Bettina von	Die Günderode	1785	1859	F	http://d-nb.info/gnd/118504185	1840	1840		1959			de	176011			long	high	T1	Q57236	Q42190652
ELTeC-deu	DEU007	DEU007	Stifter, Adalbert	Die Mappe meines Urgroßvaters	1805	1868	M	http://d-nb.info/gnd/118618156	1841	1841		1959			de	82220			medium	high	T1	Q168542	Q111239487
ELTeC-deu	DEU023	DEU023	Stifter, Adalbert	Feldblumen	1805	1868	M	http://d-nb.info/gnd/118618156	1841	1841		1959			de	43934			short	high	T1	Q168542	Q111239504
ELTeC-deu	DEU017	DEU017	Stifter, Adalbert	Die Narrenburg	1805	1868	M	http://d-nb.info/gnd/118618156	1843	1843		1959			de	41879			short	unspecified	T1	Q168542	Q21328513
ELTeC-deu	DEU021	DEU021	Lewald, Fanny	Jenny	1811	1889	F	http://d-nb.info/gnd/118572393	1843	1843		1872			de	111473			long	low	T1	Q77318	Q111239566
ELTeC-deu	DEU022	DEU022	Arnim, Bettina von	Clemens Brentanos Frühlingskranz	1785	1859	F	http://d-nb.info/gnd/118572393	1844	1844		1959			de	108645			long	high	T1	Q77318	Q42187988
ELTeC-deu	DEU001	DEU001	Willkomm, Ernst Adolf	Weisse Sclaven oder die Leiden des Volkes	1810	1886	M	http://d-nb.info/gnd/11739467X	1845	1845		1845			de	322371			long	low	T1	Q126789	Q111239632
ELTeC-deu	DEU018	DEU018	Schopenhauer, Adele	Anna	1797	1849	F	http://d-nb.info/gnd/11880510X	1845	1845		1845			de	105286			long	low	T1	Q75090	Q111239424
ELTeC-deu	DEU016	DEU016	Gerstäcker, Friedrich	Die Regulatoren in Arkansas. Aus dem Waldleben Amerikas	1816	1872	M	http://d-nb.info/gnd/118538810	1846	1846					de	183061			long	low	T1	Q77478	Q110879272
ELTeC-deu	DEU020	DEU020	              	Sibylle	1805	1880	F	http://d-nb.info/gnd/118544918	1846	1846		1846			de	131733			long	low	T1	Q92101	Q111239613
ELTeC-deu	DEU019	DEU019	Stifter, Adalbert	Zwei Schwestern	1805	1868	M	http://d-nb.info/gnd/118618156	1846	1846		1959			de	58315			medium	unspecified	T1	Q168542	Q110757065
ELTeC-deu	DEU012	DEU012	Aston, Louise	Aus dem Leben einer Frau	1814	1871	F	http://d-nb.info/gnd/118650769	1847	1847		1847			de	27975			short	high	T1	Q67888	Q101323690
ELTeC-deu	DEU010	DEU010	Aston, Louise	Lydia	1814	1871	F	http://d-nb.info/gnd/118650769	1848	1848		1848			de	61819			medium	low	T1	Q67888	Q111239590
ELTeC-deu	DEU005	DEU005	Kurz, Hermann	Der Sonnenwirt	1813	1873	M	http://d-nb.info/gnd/118778277	1855	1855		1980			de	216063			long	high	T1	Q95193	Q111239469
ELTeC-deu	DEU033	DEU033	François, Louise von	Die Geschichte meines Urgroßvaters	1817	1893	F	http://d-nb.info/gnd/118692577	1855	1855		1918			de	37948			short	low	T2	Q84820	Q111239480
ELTeC-deu	DEU045	DEU045	Stifter, Adalbert	Witiko	1805	1868	M	http://d-nb.info/gnd/118618156	1855	1855		1959			de	337846			long	high	T2	Q168542	Q1725092
ELTeC-deu	DEU013	DEU013	Auerbach, Berthold	Barfüßele	1812	1882	M	http://d-nb.info/gnd/11865103X	1856	1856		1857			de	76008			medium	low	T1	Q76715	Q808120
ELTeC-deu	DEU024	DEU024	Gutzkow, Karl	Der Zauberer von Rom	1811	1878	M	http://d-nb.info/gnd/118543830	1861	1858–1861		1858–1861			de	894081			long	low	T1	Q76755	Q111239475
ELTeC-deu	DEU003	DEU003	Ruppius, Otto	Der Pedlar	1819	1864	M	http://d-nb.info/gnd/116708859	1859	1859		1910			de	89800			medium	low	T1	Q2040358	Q111239466
ELTeC-deu	DEU009	DEU009	Ruppius, Otto	Das Vermächtnis des Pedlars	1819	1864	M	http://d-nb.info/gnd/116708859	1859	1859					de	97300			medium	low	T1	Q2040358	Q111239454
ELTeC-deu	DEU039	DEU039	Spielhagen, Friedrich	Problematische Naturen. Erste Abtheilung	1823	1911	M	http://d-nb.info/gnd/118616196	1861	1861		1874			de	225971			long	low	T2	Q106603	Q111239603
ELTeC-deu	DEU047	DEU047	François, Louise von	Judith die Kluswirtin	1817	1893	F	http://d-nb.info/gnd/118692577	1862	1862		1918			de	54773			medium	low	T2	Q84820	Q111239573
ELTeC-deu	DEU042	DEU042	Möllhausen, Balduin	Die Mandanenwaise	1825	1905	M	http://d-nb.info/gnd/118784412	1865	1865		1865			de	223715			long	low	T2	Q99917	Q111239486
ELTeC-deu	DEU040	DEU040	Marlitt, Eugenie	Goldelse	1825	1887	F	http://d-nb.info/gnd/1014122880	1866	1866		1900			de	118440			long	high	T2	Q62950	Q93955765
ELTeC-deu	DEU050	DEU050	Raabe, Wilhelm	Abu Telfan oder Die Heimkehr vom Mondgebirge	1831	1910	M	http://d-nb.info/gnd/118692577	1867	1867		1964–1966			de	136330			long	unspecified	T2	Q84820	Q335418
ELTeC-deu	DEU041	DEU041	Marlitt, Eugenie	Das Geheimnis der alten Mamsell	1825	1887	F	http://d-nb.info/gnd/1014122880	1868	1868		1900			de	105854			long	low	T2	Q62950	Q89518165
ELTeC-deu	DEU043	DEU043	Spielhagen, Friedrich	Hammer und Amboß	1823	1911	M	http://d-nb.info/gnd/118616196	1869	1869		1874			de	324738			long	low	T2	Q106603	Q111239542
ELTeC-deu	DEU037	DEU037	Marlitt, Eugenie	Das Heideprinzeßchen	1825	1887	F	http://d-nb.info/gnd/1014122880	1871	1871		1900			de	148356			long	low	T2	Q62950	Q111238907
ELTeC-deu	DEU048	DEU048	Freytag, Gustav	Die Ahnen	1816	1895	M	http://d-nb.info/gnd/118535455	1880	1872–1880		1953			de	715658			long	high	T2	Q58811	Q42185371
ELTeC-deu	DEU032	DEU032	              	Jürg Jenatsch	1825	1898	M	http://d-nb.info/gnd/118581775	1874	1874		1968			de	83873			medium	high	T2	Q123261	Q1411041
ELTeC-deu	DEU027	DEU027	              	Bozena	1830	1916	F	http://d-nb.info/gnd/118528661	1876	1876		1956–1958			de	76679			medium	high	T2	Q93525	Q108667573
ELTeC-deu	DEU044	DEU044	Dahn, Felix	Kampf um Rom	1834	1912	M	http://d-nb.info/gnd/118523392	1876	1876					de	265086			long	high	T2	Q61456	Q111239584
ELTeC-deu	DEU046	DEU046	Fontane, Theodor	Grete Minde	1819	1898	M	http://d-nb.info/gnd/118534262	1879	1879		1973			de	39821			short	high	T2	Q76632	Q179500
ELTeC-deu	DEU036	DEU036	Keller, Gottfried	Der grüne Heinrich2 [Zweite Fassung]	1819	1890	M	http://d-nb.info/gnd/11856109X	1880	1879-1880		1958–1961			de	287409			long	low	T2	Q122370	Q111239458
ELTeC-deu	DEU052	DEU052	Spyri, Johanna	Heidis Lehr- und Wanderjahre	1827	1901	F	http://d-nb.info/gnd/118616455	1880	1880		1978			de	61406			medium	high	T3	Q123053	Q111239544
ELTeC-deu	DEU058	DEU058	              	Lotti, die Uhrmacherin	1830	1916	F	http://d-nb.info/gnd/118528661	1880	1880		1956–1958			de	41591			short	high	T3	Q93525	Q108668505
ELTeC-deu	DEU070	DEU070	Fontane, Theodor	Schach von Wuthenow	1819	1898	M	http://d-nb.info/gnd/118534262	1882	1882		1973			de	50542			medium	high	T3	Q76632	Q2229265
ELTeC-deu	DEU071	DEU071	Fontane, Theodor	Cécile	1819	1898	M	http://d-nb.info/gnd/118534262	1886	1886		1973			de	67507			medium	high	T3	Q76632	Q1150085
ELTeC-deu	DEU072	DEU072	Raabe, Wilhelm	Im alten Eisen	1831	1910	M	http://d-nb.info/gnd/118692577	1887	1887					de	64386			medium	high	T3	Q84820	Q1474111
ELTeC-deu	DEU061	DEU061	Bleibtreu, Karl	Größenwahn: ELTeC ausgabe	1859	1928	M	http://d-nb.info/gnd/118663909	1888	1888		1888			de	294270			long	low	T3	Q95194	Q105836056
ELTeC-deu	DEU074	DEU074	Boy-Ed, Ida	Fanny Förster	1852	1928	F	http://d-nb.info/gnd/118662473	1889	1889		1889			de	84303			medium	low	T3	Q109471	Q111239503
ELTeC-deu	DEU056	DEU056	Conradi, Hermann	Adam Mensch	1862	1890	M	http://d-nb.info/gnd/118669923	1889	1889		1889			de	117914			long	unspecified	T3	Q88379	Q108567895
ELTeC-deu	DEU055	DEU055	Bahr, Hermann	Die gute Schule	1836	1934	M	http://d-nb.info/gnd/118505955	1890	1890		1898			de	64346			medium	low	T3	Q94034	Q111239483
ELTeC-deu	DEU064	DEU064	Christen, Ada	Jungfer Mutter	1839	1901	F	http://d-nb.info/gnd/1014783895	1892	1892		1964			de	47731			short	low	T3	Q85002	Q111239576
ELTeC-deu	DEU063	DEU063	Dohm, Hedwig	Wie Frauen werden	1831	1919	F	http://d-nb.info/gnd/11852643X	1894	1894		1894			de	38398			short	low	T3	Q71491	Q111239635
ELTeC-deu	DEU062	DEU062	Polenz, Wilhelm von	Der Büttnerbauer	1861	1903	M	http://d-nb.info/gnd/118803336	1895	1895					de	140675			long	high	T3	Q1555222	Q111239456
ELTeC-deu	DEU067	DEU067	Ganghofer, Ludwig	Schloß Hubertus	1855	1920	M	http://d-nb.info/gnd/118537490	1895	1895		1917			de	198887			long	high	T3	Q77475	Q86009476
ELTeC-deu	DEU057	DEU057	Dohm, Hedwig	Sibilla Dalmar	1831	1919	F	http://d-nb.info/gnd/11852643X	1896	1896		1897			de	97263			medium	low	T3	Q71491	Q108632484
ELTeC-deu	DEU075	DEU075	Janitschek, Maria	Ninive	1859	1927	F	http://d-nb.info/gnd/117078719	1896	1896		1896			de	56550			medium	low	T3	Q88216	Q111239598
ELTeC-deu	DEU065	DEU065	Spielhagen, Friedrich	Zum Zeitvertreib	1823	1911	M	http://d-nb.info/gnd/118616196	1897	1897		1897			de	67471			medium	low	T3	Q106603	Q111239639
ELTeC-deu	DEU060	DEU060	Janitschek, Maria	Die Amazonenschlacht	1859	1927	F	http://d-nb.info/gnd/117078719	1897	1897		1897			de	21931			short	low	T3	Q88216	Q111239479
ELTeC-deu	DEU066	DEU066	Fontane, Theodor	Der Stechlin	1819	1898	M	http://d-nb.info/gnd/118534262	1898	1897-1898		1973			de	154063			long	high	T3	Q76632	Q1197130
ELTeC-deu	DEU068	DEU068	Spitteler, Carl	Conrad	1845	1925	M	http://d-nb.info/gnd/118616277	1898	1898					de	52176			medium	low	T3	Q226525	Q111239438
ELTeC-deu	DEU054	DEU054	May, Karl	Am Jenseits	1842	1912	M	http://d-nb.info/gnd/118818651	1898	1898		1912			de	186082			long	high	T3	Q22714	Q451338
ELTeC-deu	DEU073	DEU073	Dohm, Hedwig	Schicksale einer Seele	1831	1919	F	http://d-nb.info/gnd/11852643X	1899	1899		1899			de	104561			long	low	T3	Q71491	Q108632301
ELTeC-deu	DEU087	DEU087	Heyking, Elisabeth von	Briefe, die ihn nicht erreichten	1861	1925	F	http://d-nb.info/gnd/104359080	1902	1902		1903			de	56322			medium	low	T4	Q99578	Q111239433
ELTeC-deu	DEU077	DEU077	              	Ellen Olestjerne	1871	1918	F	http://d-nb.info/gnd/118600044	1903	1903		1980			de	73402			medium	unspecified	T4	Q71429	Q19193408
ELTeC-deu	DEU086	DEU086	              	Himmlische und irdische Liebe	1861	1903	F	http://d-nb.info/gnd/1014784034	1905	1905		1922			de	45345			short	low	T4	Q68795	Q111239548
ELTeC-deu	DEU088	DEU088	Fontane, Theodor	Mathilde Möhring	1819	1898	M	http://d-nb.info/gnd/118534262	1906	1906		1973			de	40323			short	high	T4	Q76632	Q1634107
ELTeC-deu	DEU080	DEU080	Keyserling, Eduard von	Dumala	1855	1918	M	http://d-nb.info/gnd/118561812	1907	1907		1922			de	37961			short	low	T4	Q77494	Q1264876
ELTeC-deu	DEU089	DEU089	Wille, Bruno	Die Abendburg	1860	1928	M	http://d-nb.info/gnd/11863318X	1909	1909		1909			de	178800			long	low	T4	Q97648	Q111239476
ELTeC-deu	DEU084	DEU084	May, Karl	Ardistan und Dschinnistan II	1842	1912	M	http://d-nb.info/gnd/118818651	1909	1909		1909			de	205246			long	high	T4	Q22714	Q109390780
ELTeC-deu	DEU079	DEU079	Rilke, Rainer Maria	Die Aufzeichnungen des Malte Laurids Brigge	1875	1926	M	http://d-nb.info/gnd/118601024	1910	1910					de	70411			medium	high	T4	Q76483	Q968544
ELTeC-deu	DEU097	DEU097	Keyserling, Eduard von	Wellen	1855	1918	M	http://d-nb.info/gnd/118561812	1911	1911		1922			de	54745			medium	high	T4	Q77494	Q2557617
ELTeC-deu	DEU090	DEU090	              	Von Paul zu Pedro	1871	1918	F	http://d-nb.info/gnd/118600044	1912	1912		1976			de	25015			short	high	T4	Q71429	Q111239626
ELTeC-deu	DEU098	DEU098	              	Herrn Dames Aufzeichnungen	1871	1918	F	http://d-nb.info/gnd/118600044	1913	1913		1976			de	41778			short	high	T4	Q71429	Q111239547
ELTeC-deu	DEU083	DEU083	Sack, Gustav	Paralyse	1885	1916	M	http://d-nb.info/gnd/118750607	1914	1913/1914					de	23323			short	low	T4	Q1556344	Q111239601
ELTeC-deu	DEU085	DEU085	Ganghofer, Ludwig	Der Ochsenkrieg	1855	1920	M	http://d-nb.info/gnd/118537490	1914	1914		1959			de	212235			long	high	T4	Q77475	Q23307587
ELTeC-deu	DEU099	DEU099	Christ, Lena	Mathias Bichler	1881	1920	F	http://d-nb.info/gnd/118520555	1914	1914		1972			de	81921			medium	high	T4	Q77925	Q111239592
ELTeC-deu	DEU096	DEU096	Meyrink, Gustav	Der Golem	1868	1932	M	http://d-nb.info/gnd/118582046	1915	1915		1917			de	90790			medium	high	T4	Q78511	Q673861
ELTeC-deu	DEU082	DEU082	Braun, Lily	Lebenssucher	1865	1916	F	http://d-nb.info/gnd/11867353X	1915	1915		1922			de	142219			long	low	T4	Q71372	Q111239585
ELTeC-deu	DEU091	DEU091	Schnitzler, Arthur	Casanovas Heimfahrt	1862	1931	M	http://d-nb.info/gnd/118609807	1918	1918		1961			de	43407			short	high	T4	Q44331	Q946444
ELTeC-deu	DEU095	DEU095	Ball, Hugo	Flammetti	1886	1927	M	http://d-nb.info/gnd/118506234	1918	1918		1975			de	58233			medium	low	T4	Q70989	Q105624761
ELTeC-deu	DEU078	DEU078	Essig, Hermann	Der Taifun	1878	1918	M	http://d-nb.info/gnd/118531212	1919	1919		1919			de	118751			long	low	T4	Q1611018	Q111239472
ELTeC-deu	DEU093	DEU093	Christ, Lena	Madam Bäurin	1881	1920	F	http://d-nb.info/gnd/118520555	1920	1920		1972			de	42418			short	high	T4	Q77925	Q111239591
ELTeC-deu	DEU006	DEU006	Weerth, Georg	Fragment eines Romans	1822	1856	M	http://d-nb.info/gnd/117208612	1957	1957		1956			de	60551			medium	low	T1	Q78000	Q107000830
ELTeC-deu	DEU051	DEU051	Fontane, Theodor	Unterm Birnbaum	1819	1898	M	http://d-nb.info/gnd/118534262	1885	August-September 1885		1973			de	40316			short	high	T3	Q76632	Q938689
ELTeC-deu	DEU035	DEU035	Fontane, Theodor	Vor dem Sturm	1819	1898	M	http://d-nb.info/gnd/118534262	1878	Januar- September 1878		1973			de	269471			long	high	T2	Q76632	Q1273542
ELTeC-deu	DEU094	DEU094	Schnitzler, Arthur	Der Weg ins Freie	1862	1931	M	http://d-nb.info/gnd/118609807	1908	Januar–Juni 1908		1961			de	144932			long	high	T4	Q44331	Q700479
ELTeC-deu	DEU053	DEU053	Fontane, Theodor	Graf Petöfy	1819	1898	M	http://d-nb.info/gnd/118534262	1884	Juli-August 1884		1973			de	71428			medium	high	T3	Q76632	Q1541390
ELTeC-deu	DEU059	DEU059	Fontane, Theodor	Irrungen, Wirrungen	1819	1898	M	http://d-nb.info/gnd/118534262	1887	Juli-August 1887		1973			de	63334			medium	high	T3	Q76632	Q669599
ELTeC-deu	DEU029	DEU029	Raabe, Wilhelm	Alte Nester	1831	1910	M	http://d-nb.info/gnd/118597442	1879	Juli/August               1879		1964–1966			de	97670			medium	low	T2	Q60647	Q436036
ELTeC-deu	DEU100	DEU100	              	Agave	1830	1916	F	http://d-nb.info/gnd/118528661	1880						de	51704			medium	high	T4	Q93525	Q111239419
ELTeC-deu	DEU081	DEU081	May, Karl	Und Friede auf Erden!	1842	1912	M	http://d-nb.info/gnd/118818651	1907			1907			de	210053			long	high	T4	Q22714	Q1743176
ELTeC-deu	DEU026	DEU026	Vischer, Friedrich Theodor	Auch Einer 2	1807	1887	M	http://d-nb.info/gnd/11862721X	1879			1879			de	96548			medium	high	T2	Q651	Q111239427
ELTeC-deu	DEU034	DEU034	Vischer, Friedrich Theodor	Auch Einer 1	1807	1887	M	http://d-nb.info/gnd/11862721X	1879			1879			de	98067			medium	high	T2	Q651	Q111239426
ELTeC-deu	DEU028	DEU028	François, Louise von	Die letzte Reckenburgerin	1817	1893	F	http://d-nb.info/gnd/118692577	1918			1918			de	108606			long	unspecified	T2	Q84820	Q111239484
ELTeC-deu	DEU004	DEU004	Otto, Louise	Nürnberg. Zweiter Band	1819	1895	F	http://d-nb.info/gnd/118590901	1880						de	56702			medium	low	T1	Q71507	Q111239600
ELTeC-deu	DEU092	DEU092	Sudermann, Hermann	Jons und Erdme	1857	1928	M	http://d-nb.info/gnd/118619853	1923			1923			de	48607			short	low	T4	Q65448	Q107868849
ELTeC-deu	DEU049	DEU049	Raabe, Wilhelm	Die Leute aus dem Walde, ihre Sterne, Wege und Schicksale	1831	1910	M	http://d-nb.info/gnd/118692577	1863			1964–1966			de	149073			long	low	T2	Q84820	Q1214404
ELTeC-deu	DEU069	DEU069	Kretzer, Max	Meister Timpe	1854	1941	M	http://d-nb.info/gnd/118715917	1888			1888			de	92656			medium	low	T3	Q108847	Q111239597
ELTeC-deu	DEU002	DEU002	Auerbach, Berthold	Der Lehnhold	1812	1882	M	http://d-nb.info/gnd/11865103X	1863			1863			de	66067			medium	low	T1	Q76715	Q111239461
ELTeC-deu	DEU025	DEU025	Kürnberger, Ferdinand	Der Amerika-Müde	1823	1879	M	http://d-nb.info/gnd/118567764	1855			1855			de	81837			medium	low	T1	Q669703	Q111239455
ELTeC-deu	DEU011	DEU011	Freytag, Gustav	Soll und Haben	1816	1895	M	http://d-nb.info/gnd/118535455	1977		1855.0	1977			de	344948			long	high	T1	Q58811	Q2298931
ELTeC-deu	DEU030	DEU030	Freytag, Gustav	Die verlorene Handschrift	1816	1895	M	http://d-nb.info/gnd/pnd:118535455	1864		1864.0				de	307798			long	high	T2	Q58811	Q111239495
ELTeC-deu	DEU008	DEU008	Auerbach, Berthold	Der Lautenbacher	1812	1882	M	http://d-nb.info/gnd/11865103X	1863			1863			de	31603			short	low	T1	Q76715	Q111239460
ELTeC-deu	DEU038	DEU038	Raabe, Wilhelm	Der Hungerpastor	1831	1910	M	http://d-nb.info/gnd/118597442	1864	Nov. 1863 – März                  1864		1964–1966			de	166341			long	high	T2	Q84820	Q1194487
ELTeC-deu	DEU076	DEU076	Wassermann, Jakob	Caspar Hauser	1873	1934	M	http://d-nb.info/gnd/1014784077	1907	Oktober 1907					de	156760			long	high	T4	Q60369	Q42187701
ELTeC-deu	DEU031	DEU031	Raabe, Wilhelm	Der Schüdderump	1831	1910	M	http://d-nb.info/gnd/118692577	1870	Oktober 1969 – März 1870		1964–1966			de	135524			long	high	T2	Q84820	Q1196819
